subsource,label,tahmin,guven,text
goemotions_tr,nötr,üzüntü,0.985,Daredevil'in ikinci bölümünü izlemeyi yeni bitirdim. Bu beni üzüyor
goemotions_tr,nötr,mutluluk,0.981,Altın değerindeki bu nazik çaba için teşekkürler!!!XD
goemotions_tr,nötr,korku,0.978,"Boğulma, nefes alamama"
goemotions_tr,nötr,üzüntü,0.972,Evet her mağazanın çok farklı olduğunu duydum. Mevcut durumunuzdan hoşlanmadığınızı duyduğuma üzüldüm. :(
goemotions_tr,sevgi,mutluluk,0.968,Tavandaki çatlaklardan içeri atlayıp ihtişamlı bir şekilde dışarı çıkmak çok güzeldi.
goemotions_tr,tiksinti,üzüntü,0.965,Yorumları iğrenç. Bana annemi hatırlatıyor. Çok üzgünüm.
goemotions_tr,nötr,mutluluk,0.965,sonunda izlenecek bir oyun
goemotions_tr,sevgi,mutluluk,0.965,Bunu duyduğuma çok sevindim! Kendini yeniden inşa etmende bol şans.
goemotions_tr,nötr,tiksinti,0.964,Baharatlı su.
goemotions_tr,nötr,mutluluk,0.964,(yavaş alkışlar) Güzel çalındı!
goemotions_tr,üzüntü,mutluluk,0.962,Ve herkes ishal oldu. Teşekkürler aptal
goemotions_tr,öfke,mutluluk,0.96,Vay canına. Umarım o yardımcı müdür yakında yeni bir iş aramaya başlar.
goemotions_tr,öfke,üzüntü,0.957,Bunu eklemek zorunda kalmanız beni üzdü. Mizah anlayışınızın oldukça açık olduğunu düşünmüştüm ama burası reddit....
goemotions_tr,üzüntü,öfke,0.957,Hayatımdan nefret ediyorum
goemotions_tr,nötr,korku,0.955,Heyelan.
goemotions_tr,sevgi,mutluluk,0.953,yüreğine sağlık
goemotions_tr,mutluluk,nötr,0.949,[İSİM] içindeki [İSİM]'i içeri çekiyor
goemotions_tr,nötr,üzüntü,0.947,Öğretmen özür diledi ama alkışlar nedeniyle kimse onu duyamadı.
goemotions_tr,öfke,mutluluk,0.946,"Yaklaşık 5 yıl sonra, lise kariyerinin tamamı bir utançtan ibaret olacak. Tebrikler."
goemotions_tr,sevgi,üzüntü,0.945,Sana da bol şans. Bunu duyduğuma üzüldüm. İletişimi kesmeye!!
goemotions_tr,mutluluk,şaşkınlık,0.939,Aslında genelde harika değiller. Bu gönderiye şaşırdım. Bills sosyal adamından ipuçları almış olmalıyım çünkü o harika
goemotions_tr,öfke,üzüntü,0.938,"Ne hissettiğini anlayabiliyorum, BU BİR ÇOCUĞA HAYVANLARA SAYGI DUYMAYI ÖĞRETMEDİ ve utanıyorum ve üzgünüm, dürüst olmak gerekirse hiçbir at bunu hak etmedi."
goemotions_tr,mutluluk,nötr,0.937,Bu fotoğrafta bana [İSİM] gibi görünüyor.
goemotions_tr,öfke,mutluluk,0.934,"Fikrimi değiştirdim, harika bir şey oldu! Lütfen yarın beni ölüme sürüklemeyin."
goemotions_tr,mutluluk,üzüntü,0.93,özür dilerim. [İSİM] geçen sezonun hemen hemen tüm yarısında Liverpool'da orta sahada oynadı
goemotions_tr,nötr,sevgi,0.929,"[NAME] onun birlikte olmasını istediğim tek kişi, başından beri onu en çok sevdim"
goemotions_tr,nötr,korku,0.929,"Bir keresinde küçük bir çocuğum, [İSİM] doğmadan önce eve yatağa giremeyeceğim için Noel arifesinde çok endişelenmişti."
goemotions_tr,öfke,nötr,0.926,[İSİM] İŞTEN ÇIKARILDI.
goemotions_tr,mutluluk,nötr,0.924,Aslında ekran görüntüsünün tamamını - kırpmadan - r/funny'de buldum.
goemotions_tr,mutluluk,sevgi,0.924,"Wood Witch'i çok seviyorum, onu almak için hala para biriktiriyorum."
goemotions_tr,üzüntü,korku,0.92,Yaz aylarında bile bunu yapacak paraya sahip olamayacağımızdan endişeleniyorum.
goemotions_tr,korku,mutluluk,0.916,Umarım bu adam bulunur ve kovulur. Bu çok tehlikeli. Kolayca birini öldürebilirdi.
goemotions_tr,üzüntü,nötr,0.915,Çünkü [İSİM] annesine karşı gelemeyen bir çocuk adamdır
goemotions_tr,mutluluk,sevgi,0.906,Dürüst olmak gerekirse [İSİM]'i gerçekten sevdim
goemotions_tr,nötr,öfke,0.903,"Ben yetkili bir üye değilim, cahil bir toplum üyesiyim."
goemotions_tr,üzüntü,mutluluk,0.902,[NAME] şut çekmenin dışında her şeyi harika yapıyor. Sonunda düşmeye başlayacak.
goemotions_tr,mutluluk,sevgi,0.899,Onu isterim çünkü çok iyi. Ama bir zorunluluk değil.
goemotions_tr,üzüntü,mutluluk,0.899,Benden kurtulduğuna sevindim. Orada açıkça altyazı kurallarını ihlal ediyorsun.
goemotions_tr,öfke,sevgi,0.897,"Hepinizin [İSİM]'i suçlamanızı seviyorum, sanki [İSİM] de aynı derecede sorumlu değilmiş gibi... revizyonist tarihi sevmek gerek"
goemotions_tr,korku,mutluluk,0.896,"[İSİM] adamım... Umarım bu, sahadaki aşırı dramatik anlarından biridir... Bu yıl beni 5 kez korkuttu..."
goemotions_tr,nötr,şaşkınlık,0.896,[İSİM]'in hem ribaundu hem de üçü aldığına inanamadım
goemotions_tr,nötr,sevgi,0.894,O farklı bir adam ama [İSİM]'i seviyorum
goemotions_tr,üzüntü,nötr,0.893,Başkanın diptekilerle vakit geçirmesi kaçınılmaz.
tweet_emotion,mutluluk,öfke,0.892,saatlerce saçmalayamadığın gıybet yapamadığın biriyle eğlenceli birliktelik yaşayamazsın
goemotions_tr,öfke,nötr,0.892,Buna bir de denge karmaşasını ekleyin.
goemotions_tr,nötr,öfke,0.889,O bebeği siktir et. Cehennemden gelen Energizer tavşanı.
goemotions_tr,tiksinti,nötr,0.887,Esneme. Birlikte toksikler ve tek özellikleri birlikte soyunmak gibi görünüyor.
goemotions_tr,mutluluk,şaşkınlık,0.885,vay vay vay biramı tut!
goemotions_tr,üzüntü,öfke,0.883,Erkekler gerçek hayatta bana hiç ilgi göstermiyorlar bu yüzden bir Tinder almayı düşünüyordum. Orada insanların standartları çok daha düşük gibi görünüyor bu yüzden siktir et
goemotions_tr,mutluluk,şaşkınlık,0.882,"Vahşi doğada, her zaman beklenmeyen bir şeyin olacağı beklenir sanırım"
goemotions_tr,nötr,öfke,0.881,Film bittikten hemen sonra üzerine kokain dökmeli ve kaçmalıydın. Küçüklük siktir et
goemotions_tr,tiksinti,korku,0.881,O korkunçtu
goemotions_tr,korku,öfke,0.879,"Bunlar bir çocuğa söylenebilecek korkunç şeyler, hele ki 3 yaşında bir çocuğa. Çok sinirlenirdim!"
goemotions_tr,öfke,nötr,0.877,Buna hub and spoke sistemi diyorlar. Bir tekerlek eklemeyi ihmal etmişler.
goemotions_tr,mutluluk,üzüntü,0.875,fking ağlıyorum lmaoooo
goemotions_tr,nötr,şaşkınlık,0.874,"""Park""ın farklı seviyeleri olduğunu bilmiyordum."
goemotions_tr,sevgi,nötr,0.874,[NAME] birkaç ay önce bunlardan almıştı. Arkadaşım hasta köpeği için birkaç tane satın aldı.
goemotions_tr,sevgi,korku,0.873,Evet oyu veren 3200'e yakın insan için gerçekten endişeliyim
goemotions_tr,nötr,şaşkınlık,0.867,Böyle bir fedakarlığın en az 100.000 TL'ye mal olması lazım. Beni en çok şaşırtan şey bunun bedavaya istenmesi.
goemotions_tr,nötr,sevgi,0.863,"Evet, Can Ox'u seviyorum ama küçük kapalı mekanlarda kalmalılar veya buna benzer bir şey. Müzikleri zaten bunun için daha iyi. Cold Vein klasiktir."
