Kaynak,Sınıf,Sınıf_n,Yanlış_n,Hata_Oranı,En_Çok_Karışılan,Karışma_Sayısı
fthbrmnby,mutluluk,10,1,0.1,sevgi,1
fthbrmnby,üzüntü,2,1,0.5,mutluluk,1
goemotions_tr,mutluluk,1764,1721,0.9756,sevgi,862
goemotions_tr,üzüntü,352,345,0.9801,öfke,134
goemotions_tr,öfke,802,286,0.3566,şaşkınlık,97
goemotions_tr,korku,95,31,0.3263,öfke,10
goemotions_tr,şaşkınlık,660,174,0.2636,öfke,82
goemotions_tr,tiksinti,87,46,0.5287,öfke,23
goemotions_tr,sevgi,753,84,0.1116,öfke,47
goemotions_tr,nötr,1872,1741,0.93,öfke,671
goemotions_tr,utanç,37,16,0.4324,tiksinti,6
goemotions_tr,gurur,8,4,0.5,sevgi,3
mteb_movie,mutluluk,790,112,0.1418,üzüntü,106
mteb_movie,üzüntü,817,58,0.071,mutluluk,51
mteb_product,mutluluk,372,9,0.0242,üzüntü,9
mteb_product,üzüntü,397,193,0.4861,mutluluk,193
ttc4900,nötr,701,42,0.0599,mutluluk,29
winvoker,mutluluk,39024,3738,0.0958,üzüntü,2725
winvoker,üzüntü,8379,1193,0.1424,mutluluk,829
winvoker,nötr,25610,429,0.0168,öfke,145
